Timestamp,API Name,API Latency (s),API Error Rate (%),Data Accuracy (%),Unauthorized Access Attempts,Integration Name,Order Sync Throughput (orders/day)
1/1/2024,OrderSyncAPI,1.8,0.5,99.95,0,SAP_SF_Connect,218
2/1/2024,CustomerDataAPI,2.1,1.2,99.8,1,S4_Salesforce,268
3/1/2024,InventoryAPI,1.5,0.8,99.9,0,S4_Ariba,265
4/1/2024,InvoiceAPI,2.4,1.5,99.7,2,SAP_ExternalAPI,135
5/1/2024,OrderSyncAPI,1.9,0.3,99.98,0,SAP_SF_Connect,126
6/1/2024,CustomerDataAPI,2.3,1.1,99.6,0,S4_Salesforce,143
7/1/2024,InventoryAPI,1.4,0.7,99.85,0,S4_Ariba,290
8/1/2024,InvoiceAPI,1.7,0.6,99.75,1,SAP_ExternalAPI,209
9/1/2024,OrderSyncAPI,1.8,0.5,99.95,0,SAP_SF_Connect,120
10/1/2024,CustomerDataAPI,2.1,1.2,99.8,1,S4_Salesforce,166
11/1/2024,InventoryAPI,1.5,0.8,99.9,0,S4_Ariba,163
12/1/2024,InvoiceAPI,2.4,1.5,99.7,2,SAP_ExternalAPI,233
13/1/2024,OrderSyncAPI,1.9,0.3,99.98,0,SAP_SF_Connect,252
14/1/2024,CustomerDataAPI,2.3,1.1,99.6,0,S4_Salesforce,186
15/1/2024,InventoryAPI,1.4,0.7,99.85,0,S4_Ariba,287
16/1/2024,InvoiceAPI,1.7,0.6,99.75,1,SAP_ExternalAPI,296
17/1/2024,OrderSyncAPI,1.8,0.5,99.95,0,SAP_SF_Connect,160
18/1/2024,CustomerDataAPI,2.1,1.2,99.8,1,S4_Salesforce,266
19/1/2024,InventoryAPI,1.5,0.8,99.9,0,S4_Ariba,233
20/1/2024,InvoiceAPI,2.4,1.5,99.7,2,SAP_ExternalAPI,233
21/1/2024,OrderSyncAPI,1.9,0.3,99.98,0,SAP_SF_Connect,256
22/1/2024,CustomerDataAPI,2.3,1.1,99.6,0,S4_Salesforce,248
23/1/2024,InventoryAPI,1.4,0.7,99.85,0,S4_Ariba,206
24/1/2024,InvoiceAPI,1.7,0.6,99.75,1,SAP_ExternalAPI,204
25/1/2024,OrderSyncAPI,1.8,0.5,99.95,0,SAP_SF_Connect,284
26/1/2024,CustomerDataAPI,2.1,1.2,99.8,1,S4_Salesforce,187
27/1/2024,InventoryAPI,1.5,0.8,99.9,0,S4_Ariba,133
28/1/2024,InvoiceAPI,2.4,1.5,99.7,2,SAP_ExternalAPI,129
29/1/2024,OrderSyncAPI,1.9,0.3,99.98,0,SAP_SF_Connect,260
30/1/2024,OrderSyncAPI,2.3,1.1,99.6,0,S4_Salesforce,277
31/1/2024,CustomerDataAPI,1.4,0.7,99.85,0,S4_Ariba,182
1/2/2024,InventoryAPI,1.7,0.6,99.75,0,SAP_ExternalAPI,299
2/2/2024,InvoiceAPI,1.8,0.5,99.95,1,SAP_SF_Connect,269
3/2/2024,OrderSyncAPI,2.1,1.2,99.8,0,S4_Salesforce,276
4/2/2024,CustomerDataAPI,1.5,0.8,99.9,1,S4_Ariba,245
5/2/2024,InventoryAPI,2.4,1.5,99.7,0,SAP_ExternalAPI,285
6/2/2024,InvoiceAPI,1.9,0.3,99.98,2,SAP_SF_Connect,208
7/2/2024,OrderSyncAPI,2.3,1.1,99.6,0,S4_Salesforce,199
8/2/2024,CustomerDataAPI,1.4,0.7,99.85,0,S4_Ariba,287
9/2/2024,InventoryAPI,1.7,0.6,99.75,0,SAP_ExternalAPI,187
10/2/2024,InvoiceAPI,1.8,0.5,99.95,1,SAP_SF_Connect,278
11/2/2024,OrderSyncAPI,2.1,1.2,99.8,0,S4_Salesforce,289
12/2/2024,CustomerDataAPI,1.5,0.8,99.9,1,S4_Ariba,288
13/2/2024,InventoryAPI,2.4,1.5,99.7,0,SAP_ExternalAPI,196
14/2/2024,InvoiceAPI,1.9,0.3,99.98,2,SAP_SF_Connect,185
15/2/2024,OrderSyncAPI,2.3,1.1,99.6,0,S4_Salesforce,130
16/2/2024,CustomerDataAPI,1.4,0.7,99.85,0,S4_Ariba,258
17/2/2024,InventoryAPI,1.7,0.6,99.75,0,SAP_ExternalAPI,296
18/2/2024,InvoiceAPI,1.8,0.5,99.95,1,SAP_SF_Connect,298
19/2/2024,OrderSyncAPI,2.1,1.2,99.8,0,S4_Salesforce,248
20/2/2024,CustomerDataAPI,1.5,0.8,99.9,1,S4_Ariba,190
21/2/2024,InventoryAPI,2.4,1.5,99.7,0,SAP_ExternalAPI,201
22/2/2024,InvoiceAPI,1.9,0.3,99.98,2,SAP_SF_Connect,299
23/2/2024,OrderSyncAPI,2.3,1.1,99.6,0,S4_Salesforce,264
24/2/2024,CustomerDataAPI,1.4,0.7,99.85,0,S4_Ariba,274
25/2/2024,InventoryAPI,1.7,0.6,99.75,0,SAP_ExternalAPI,143
26/2/2024,InvoiceAPI,1.8,0.5,99.95,1,SAP_SF_Connect,219
27/2/2024,OrderSyncAPI,2.1,1.2,99.8,0,S4_Salesforce,299
28/2/2024,CustomerDataAPI,1.5,0.8,99.9,1,S4_Ariba,287
29/2/2024,InventoryAPI,2.4,1.5,99.7,0,SAP_ExternalAPI,293